intro	intro	<A href="http://www.youtube.com/watch?v=i4LcdeiNH-k&t=0m00s#t=0m00s">video 1</A>
intro	kihon-giho shiho-nage	<A href="http://www.youtube.com/watch?v=i4LcdeiNH-k&t=33m40s#t=33m40s">video 1</A>
intro	kihon-giho ikkajo	<A href="http://www.youtube.com/watch?v=i4LcdeiNH-k&t=59m45s#t=59m45s">video 1</A>
intro	kihon-giho nikajo	<A href="http://www.youtube.com/watch?v=v0tuWpU3tB4&t=0m55s#t=0m55s">video 1</A>
intro	kihon-giho sankajo	<A href="http://www.youtube.com/watch?v=v0tuWpU3tB4&t=56m15s#t=56m15s">video 1</A>
intro	kihon-giho yonkajo	<A href="http://www.youtube.com/watch?v=v0tuWpU3tB4&t=1h51m10s#t=1h51m10s">video 1</A>
intro	sokumen irimi-nage	<A href="http://www.youtube.com/watch?v=vNv0rNot8FQ&t=1m01s#t=1m01s">video 1</A>
intro	shomen irimi-nage	<A href="http://www.youtube.com/watch?v=vNv0rNot8FQ&t=41m36s#t=41m36s">video 1</A>
intro	hiji-shime	<A href="http://www.youtube.com/watch?v=vNv0rNot8FQ&t=1h12m39s#t=1h12m39s">video 1</A>
intro	hiji-ate-kokyu-nage	<A href="http://www.youtube.com/watch?v=vNv0rNot8FQ&t=1h46m17s#t=1h46m17s">video 1</A>
intro	kote-gaeshi	<A href="http://www.youtube.com/watch?v=vNv0rNot8FQ&t=2h15m14s#t=2h15m14s">video 1</A>
intro	tenchi-nage	<A href="http://www.youtube.com/watch?v=vNv0rNot8FQ&t=3h01m48s#t=3h01m48s">video 1</A>
intro	kokyu-ho	<A href="http://www.youtube.com/watch?v=vNv0rNot8FQ&t=3h07m20s#t=3h07m20s">video 1</A>
intro	jiyu-waza	<A href="http://www.youtube.com/watch?v=vNv0rNot8FQ&t=3h16m12s#t=3h16m12s">video 1</A> <br> <A href="http://www.youtube.com/watch?v=vNv0rNot8FQ&t=3h25m30s#t=3h25m30s">video 2</A>
intro	finale	<A href="http://www.youtube.com/watch?v=vNv0rNot8FQ&t=3h27m03s#t=3h27m03s">video 1</A>
intro	credits	<A href="http://www.youtube.com/watch?v=vNv0rNot8FQ&t=3h28m10s#t=3h28m10s">video 1</A>
8 kyu	rei ho	<A href="http://www.youtube.com/watch?v=i4LcdeiNH-k&t=6m09s#t=6m09s">video 1</A>
8 kyu	kamae	<A href="http://www.youtube.com/watch?v=i4LcdeiNH-k&t=0m55s#t=0m55s">video 1</A>
8 kyu	seiza ho	<A href="http://www.youtube.com/watch?v=i4LcdeiNH-k&t=3m56s#t=3m56s">video 1</A>
8 kyu	shikko ho	<A href="http://www.youtube.com/watch?v=i4LcdeiNH-k&t=7m17s#t=7m17s">video 1</A>
8 kyu	ukemi	<A href="http://www.youtube.com/watch?v=i4LcdeiNH-k&t=28m24s#t=28m24s">video 1</A>
8 kyu	koho ukemi	<A href="http://www.youtube.com/watch?v=i4LcdeiNH-k&t=29m02s#t=29m02s">video 1</A>
8 kyu	koho kaiten ukemi	<A href="http://www.youtube.com/watch?v=i4LcdeiNH-k&t=30m21s#t=30m21s">video 1</A>
8 kyu	zenpo ukemi	<A href="http://www.youtube.com/watch?v=i4LcdeiNH-k&t=31m00s#t=31m00s">video 1</A>
8 kyu	zenpo kaiten ukemi	<A href="http://www.youtube.com/watch?v=i4LcdeiNH-k&t=31m18s#t=31m18s">video 1</A>
8 kyu	kihon dosa	<A href="http://www.youtube.com/watch?v=i4LcdeiNH-k&t=10m15s#t=10m15s">video 1</A>
8 kyu	tai no henko (1)	<A href="http://www.youtube.com/watch?v=i4LcdeiNH-k&t=10m57s#t=10m57s">video 1</A>
8 kyu	tai no henko (2)	<A href="http://www.youtube.com/watch?v=i4LcdeiNH-k&t=13m36s#t=13m36s">video 1</A>
8 kyu	hiriki no yosei (1)	<A href="http://www.youtube.com/watch?v=i4LcdeiNH-k&t=16m38s#t=16m38s">video 1</A>
8 kyu	hiriki no yosei (2)	<A href="http://www.youtube.com/watch?v=i4LcdeiNH-k&t=18m38s#t=18m38s">video 1</A>
8 kyu	shumatsu dosa (1)	<A href="http://www.youtube.com/watch?v=i4LcdeiNH-k&t=20m40s#t=20m40s">video 1</A>
8 kyu	shumatsu dosa (2)	<A href="http://www.youtube.com/watch?v=i4LcdeiNH-k&t=24m08s#t=24m08s">video 1</A>
7 kyu	kamae with partner	<A href="http://www.youtube.com/watch?v=i4LcdeiNH-k&t=3m05s#t=3m05s">video 1</A>
7 kyu	koho ukemi application	<A href="http://www.youtube.com/watch?v=i4LcdeiNH-k&t=29m39s#t=29m39s">video 1</A>
7 kyu	zenpo kaiten ukemi application	<A href="http://www.youtube.com/watch?v=i4LcdeiNH-k&t=31m57s#t=31m57s">video 1</A>
7 kyu	katate-mochi shiho-nage (1)	<A href="http://www.youtube.com/watch?v=i4LcdeiNH-k&t=34m21s#t=34m21s">video 1</A>
7 kyu	katate-mochi shiho-nage (2)	<A href="http://www.youtube.com/watch?v=i4LcdeiNH-k&t=36m40s#t=36m40s">video 1</A>
7 kyu	shomen-uchi ikkajo-osae (1)	<A href="http://www.youtube.com/watch?v=i4LcdeiNH-k&t=1h00m46s#t=1h00m46s">video 1</A>
7 kyu	shomen-uchi ikkajo-osae (2)	<A href="http://www.youtube.com/watch?v=i4LcdeiNH-k&t=1h03m57s#t=1h03m57s">video 1</A>
6 kyu	shomen-uchi shomen irimi-nage (1)	<A href="http://www.youtube.com/watch?v=vNv0rNot8FQ&t=42m15s#t=42m15s">video 1</A>
6 kyu	shomen-tsuki go-waza	<A href="http://www.youtube.com/watch?v=zPzNbrn210o&t=0m00s#t=0m00s">video 1</A>
5 kyu	tai no henko (1) with partner	<A href="http://www.youtube.com/watch?v=i4LcdeiNH-k&t=12m55s#t=12m55s">video 1</A>
5 kyu	tai no henko (2) with partner	<A href="http://www.youtube.com/watch?v=i4LcdeiNH-k&t=15m02s#t=15m02s">video 1</A>
5 kyu	tai no henko renzoku dosa	<A href="http://www.youtube.com/watch?v=i4LcdeiNH-k&t=15m41s#t=15m41s">video 1</A>
5 kyu	tai no henko kaiten dosa	<A href="http://www.youtube.com/watch?v=i4LcdeiNH-k&t=16m08s#t=16m08s">video 1</A>
5 kyu	hiriki no yosei (1) with partner	<A href="http://www.youtube.com/watch?v=i4LcdeiNH-k&t=18m02s#t=18m02s">video 1</A>
5 kyu	hiriki no yosei (2) with partner	<A href="http://www.youtube.com/watch?v=i4LcdeiNH-k&t=19m57s#t=19m57s">video 1</A>
5 kyu	hiriki no yosei (2) application	<A href="http://www.youtube.com/watch?v=i4LcdeiNH-k&t=20m27s#t=20m27s">video 1</A>
5 kyu	shumatsu dosa (1) with partner	<A href="http://www.youtube.com/watch?v=i4LcdeiNH-k&t=23m16s#t=23m16s">video 1</A>
5 kyu	shumatsu dosa (1) application	<A href="http://www.youtube.com/watch?v=i4LcdeiNH-k&t=23m55s#t=23m55s">video 1</A>
5 kyu	shumatsu dosa (2) with partner	<A href="http://www.youtube.com/watch?v=i4LcdeiNH-k&t=25m58s#t=25m58s">video 1</A>
5 kyu	shumatsu dosa (2) application	<A href="http://www.youtube.com/watch?v=i4LcdeiNH-k&t=26m31s#t=26m31s">video 1</A>
5 kyu	kihon dosa renzoku	<A href="http://www.youtube.com/watch?v=i4LcdeiNH-k&t=26m45s#t=26m45s">video 1</A>
5 kyu	katate-mochi nikajo-osae (1)	<A href="http://www.youtube.com/watch?v=v0tuWpU3tB4&t=1m47s#t=1m47s">video 1</A>
5 kyu	katate-mochi nikajo-osae (2)	<A href="http://www.youtube.com/watch?v=v0tuWpU3tB4&t=6m15s#t=6m15s">video 1</A>
5 kyu	shomen-uchi sankajo-osae (1)	<A href="http://www.youtube.com/watch?v=v0tuWpU3tB4&t=57m25s#t=57m25s">video 1</A>
5 kyu	shomen-uchi sankajo-osae (2)	<A href="http://www.youtube.com/watch?v=v0tuWpU3tB4&t=1h01m31s#t=1h01m31s">video 1</A>
5 kyu	katate-mochi sokumen irimi-nage (1)	<A href="http://www.youtube.com/watch?v=vNv0rNot8FQ&t=1m45s#t=1m45s">video 1</A>
5 kyu	yokomen-uchi shomen irimi-nage (2)	<A href="http://www.youtube.com/watch?v=vNv0rNot8FQ&t=50m23s#t=50m23s">video 1</A>
5 kyu	ippon-me kumite	<A href="http://www.youtube.com/watch?v=dAX4s7G2TK0&t=0m00s#t=0m00s">video 1</A> <br> <A href="http://www.youtube.com/watch?v=BlH8Qmo79w8&t=21m50s#t=21m50s">video 2</A>
5 kyu	shomen-uchi go-waza	<A href="http://www.youtube.com/watch?v=igv6xTwxB40&t=0m00s#t=0m00s">video 1</A>
4 kyu	seiza ho with partner	<A href="http://www.youtube.com/watch?v=i4LcdeiNH-k&t=5m31s#t=5m31s">video 1</A>
4 kyu	suwari-waza intro	<A href="http://www.youtube.com/watch?v=i4LcdeiNH-k&t=9m26s#t=9m26s">video 1</A>
4 kyu	zenpo hiyaku ukemi	<A href="http://www.youtube.com/watch?v=i4LcdeiNH-k&t=32m01s#t=32m01s">video 1</A>
4 kyu	zenpo hiyaku ukemi with horse	<A href="http://www.youtube.com/watch?v=i4LcdeiNH-k&t=32m23s#t=32m23s">video 1</A>
4 kyu	zenpo hiyaku ukemi application	<A href="http://www.youtube.com/watch?v=i4LcdeiNH-k&t=33m17s#t=33m17s">video 1</A>
4 kyu	shomen-uchi yonkajo-osae (1)	<A href="http://www.youtube.com/watch?v=v0tuWpU3tB4&t=1h52m23s#t=1h52m23s">video 1</A>
4 kyu	mune-mochi hiji-shime (2)	<A href="http://www.youtube.com/watch?v=vNv0rNot8FQ&t=1h38m35s#t=1h38m35s">video 1</A>
4 kyu	shomen-uchi kote-gaeshi (2)	<A href="http://www.youtube.com/watch?v=vNv0rNot8FQ&t=2h21m40s#t=2h21m40s">video 1</A>
4 kyu	ryote-mochi tenchi-nage (1)	<A href="http://www.youtube.com/watch?v=vNv0rNot8FQ&t=3h02m12s#t=3h02m12s">video 1</A>
4 kyu	suwari-waza ryote-mochi kokyu-ho (1)	<A href="http://www.youtube.com/watch?v=vNv0rNot8FQ&t=3h07m46s#t=3h07m46s">video 1</A>
4 kyu	nihon-me kumite	<A href="http://www.youtube.com/watch?v=BlH8Qmo79w8&t=23m22s#t=23m22s">video 1</A>
4 kyu	katate-aya-mochi go-waza	
3 kyu	hanmi-handachi ryote-mochi shiho-nage	<A href="http://www.youtube.com/watch?v=i4LcdeiNH-k&t=53m52s#t=53m52s">video 1</A>
3 kyu	kata-mochi sokumen irimi-nage (1)	<A href="http://www.youtube.com/watch?v=vNv0rNot8FQ&t=13m08s#t=13m08s">video 1</A>
3 kyu	shomen-tsuki kote-gaeshi (1)	<A href="http://www.youtube.com/watch?v=vNv0rNot8FQ&t=2h32m55s#t=2h32m55s">video 1</A>
3 kyu	ryote-mochi shiho-nage (1)	<A href="http://www.youtube.com/watch?v=i4LcdeiNH-k&t=38m45s#t=38m45s">video 1</A>
3 kyu	ryote-mochi shiho-nage (2)	<A href="http://www.youtube.com/watch?v=i4LcdeiNH-k&t=40m56s#t=40m56s">video 1</A>
3 kyu	yokomen-uchi shiho-nage (1)	<A href="http://www.youtube.com/watch?v=i4LcdeiNH-k&t=42m56s#t=42m56s">video 1</A>
3 kyu	yokomen-uchi shiho-nage (2)	<A href="http://www.youtube.com/watch?v=i4LcdeiNH-k&t=45m16s#t=45m16s">video 1</A>
3 kyu	suwari-waza shomen-uchi ikkajo-osae (1)	<A href="http://www.youtube.com/watch?v=i4LcdeiNH-k&t=1h02m21s#t=1h02m21s">video 1</A>
3 kyu	suwari-waza shomen-uchi ikkajo-osae (2)	<A href="http://www.youtube.com/watch?v=i4LcdeiNH-k&t=1h05m33s#t=1h05m33s">video 1</A>
3 kyu	yokomen-uchi ikkajo-osae (1)	<A href="http://www.youtube.com/watch?v=i4LcdeiNH-k&t=1h06m55s#t=1h06m55s">video 1</A>
3 kyu	suwari-waza yokomen-uchi ikkajo-osae (1)	<A href="http://www.youtube.com/watch?v=i4LcdeiNH-k&t=1h08m38s#t=1h08m38s">video 1</A>
3 kyu	yokomen-uchi ikkajo-osae (2)	<A href="http://www.youtube.com/watch?v=i4LcdeiNH-k&t=1h10m18s#t=1h10m18s">video 1</A>
3 kyu	suwari-waza yokomen-uchi ikkajo-osae (2)	<A href="http://www.youtube.com/watch?v=i4LcdeiNH-k&t=1h11m41s#t=1h11m41s">video 1</A>
3 kyu	kata-mochi ikkajo-osae (1)	<A href="http://www.youtube.com/watch?v=i4LcdeiNH-k&t=1h31m04s#t=1h31m04s">video 1</A>
3 kyu	suwari-waza kata-mochi ikkajo-osae (1)	<A href="http://www.youtube.com/watch?v=i4LcdeiNH-k&t=1h32m59s#t=1h32m59s">video 1</A>
3 kyu	kata-mochi ikkajo-osae (2)	<A href="http://www.youtube.com/watch?v=i4LcdeiNH-k&t=1h34m44s#t=1h34m44s">video 1</A>
3 kyu	suwari-waza kata-mochi ikkajo-osae (2)	<A href="http://www.youtube.com/watch?v=i4LcdeiNH-k&t=1h36m04s#t=1h36m04s">video 1</A>
3 kyu	ushiro-ryote-mochi ikkajo-osae (1)	<A href="http://www.youtube.com/watch?v=i4LcdeiNH-k&t=1h37m29s#t=1h37m29s">video 1</A>
3 kyu	ushiro-ryote-mochi ikkajo-osae (2)	<A href="http://www.youtube.com/watch?v=i4LcdeiNH-k&t=1h40m09s#t=1h40m09s">video 1</A>
3 kyu	suwari-waza katate-mochi nikajo-osae (1)	<A href="http://www.youtube.com/watch?v=v0tuWpU3tB4&t=4m18s#t=4m18s">video 1</A>
3 kyu	suwari-waza katate-mochi nikajo-osae (2)	<A href="http://www.youtube.com/watch?v=v0tuWpU3tB4&t=7m43s#t=7m43s">video 1</A>
3 kyu	kata-mochi nikajo-osae (1)	<A href="http://www.youtube.com/watch?v=v0tuWpU3tB4&t=29m18s#t=29m18s">video 1</A>
3 kyu	suwari-waza kata-mochi nikajo-osae (1)	<A href="http://www.youtube.com/watch?v=v0tuWpU3tB4&t=31m27s#t=31m27s">video 1</A>
3 kyu	kata-mochi nikajo-osae (2)	<A href="http://www.youtube.com/watch?v=v0tuWpU3tB4&t=33m10s#t=33m10s">video 1</A>
3 kyu	suwari-waza kata-mochi nikajo-osae (2)	<A href="http://www.youtube.com/watch?v=v0tuWpU3tB4&t=34m52s#t=34m52s">video 1</A>
3 kyu	shomen-uchi nikajo-osae (1)	<A href="http://www.youtube.com/watch?v=v0tuWpU3tB4&t=42m40s#t=42m40s">video 1</A>
3 kyu	suwari-waza shomen-uchi nikajo-osae (1)	<A href="http://www.youtube.com/watch?v=v0tuWpU3tB4&t=44m18s#t=44m18s">video 1</A>
3 kyu	shomen-uchi nikajo-osae (2)	<A href="http://www.youtube.com/watch?v=v0tuWpU3tB4&t=45m50s#t=45m50s">video 1</A>
3 kyu	suwari-waza shomen-uchi nikajo-osae (2)	<A href="http://www.youtube.com/watch?v=v0tuWpU3tB4&t=46m59s#t=46m59s">video 1</A>
3 kyu	suwari-waza shomen-uchi sankajo-osae (1)	<A href="http://www.youtube.com/watch?v=v0tuWpU3tB4&t=59m47s#t=59m47s">video 1</A>
3 kyu	suwari-waza shomen-uchi sankajo-osae (2)	<A href="http://www.youtube.com/watch?v=v0tuWpU3tB4&t=1h04m23s#t=1h04m23s">video 1</A>
3 kyu	yokomen-uchi sankajo-osae (1)	<A href="http://www.youtube.com/watch?v=v0tuWpU3tB4&t=1h06m41s#t=1h06m41s">video 1</A>
3 kyu	suwari-waza yokomen-uchi sankajo-osae (1)	<A href="http://www.youtube.com/watch?v=v0tuWpU3tB4&t=1h08m18s#t=1h08m18s">video 1</A>
3 kyu	yokomen-uchi sankajo-osae (2)	<A href="http://www.youtube.com/watch?v=v0tuWpU3tB4&t=1h10m14s#t=1h10m14s">video 1</A>
3 kyu	suwari-waza yokomen-uchi sankajo-osae (2)	<A href="http://www.youtube.com/watch?v=v0tuWpU3tB4&t=1h12m02s#t=1h12m02s">video 1</A>
3 kyu	ushiro-ryote-mochi sankajo-osae (1)	<A href="http://www.youtube.com/watch?v=v0tuWpU3tB4&t=1h33m44s#t=1h33m44s">video 1</A>
3 kyu	ushiro-ryote-mochi sankajo-osae (2)	<A href="http://www.youtube.com/watch?v=v0tuWpU3tB4&t=1h35m54s#t=1h35m54s">video 1</A>
3 kyu	suwari-waza shomen-uchi yonkajo-osae (1)	<A href="http://www.youtube.com/watch?v=v0tuWpU3tB4&t=1h54m28s#t=1h54m28s">video 1</A>
3 kyu	shomen-uchi yonkajo-osae (2)	<A href="http://www.youtube.com/watch?v=v0tuWpU3tB4&t=1h56m00s#t=1h56m00s">video 1</A>
3 kyu	suwari-waza shomen-uchi yonkajo-osae (2)	<A href="http://www.youtube.com/watch?v=v0tuWpU3tB4&t=1h57m41s#t=1h57m41s">video 1</A>
3 kyu	yokomen-uchi yonkajo-osae (1)	<A href="http://www.youtube.com/watch?v=v0tuWpU3tB4&t=1h59m10s#t=1h59m10s">video 1</A>
3 kyu	suwari-waza yokomen-uchi yonkajo-osae (1)	<A href="http://www.youtube.com/watch?v=v0tuWpU3tB4&t=2h00m42s#t=2h00m42s">video 1</A>
3 kyu	yokomen-uchi yonkajo-osae (2)	<A href="http://www.youtube.com/watch?v=v0tuWpU3tB4&t=2h02m19s#t=2h02m19s">video 1</A>
3 kyu	suwari-waza yokomen-uchi yonkajo-osae (2)	<A href="http://www.youtube.com/watch?v=v0tuWpU3tB4&t=2h03m41s#t=2h03m41s">video 1</A>
3 kyu	suwari-waza katate-mochi sokumen irimi-nage (1)	<A href="http://www.youtube.com/watch?v=vNv0rNot8FQ&t=3m34s#t=3m34s">video 1</A>
3 kyu	katate-mochi sokumen irimi-nage (2)	<A href="http://www.youtube.com/watch?v=vNv0rNot8FQ&t=5m19s#t=5m19s">video 1</A>
3 kyu	suwari-waza katate-mochi sokumen irimi-nage (2)	<A href="http://www.youtube.com/watch?v=vNv0rNot8FQ&t=6m28s#t=6m28s">video 1</A>
3 kyu	suwari-waza kata-mochi sokumen irimi-nage (1)	<A href="http://www.youtube.com/watch?v=vNv0rNot8FQ&t=14m37s#t=14m37s">video 1</A>
3 kyu	kata-mochi sokumen irimi-nage (2)	<A href="http://www.youtube.com/watch?v=vNv0rNot8FQ&t=16m00s#t=16m00s">video 1</A>
3 kyu	suwari-waza kata-mochi sokumen irimi-nage (2)	<A href="http://www.youtube.com/watch?v=vNv0rNot8FQ&t=17m20s#t=17m20s">video 1</A>
3 kyu	suwari-waza shomen-uchi shomen irimi-nage (1)	<A href="http://www.youtube.com/watch?v=vNv0rNot8FQ&t=43m45s#t=43m45s">video 1</A>
3 kyu	shomen-uchi shomen irimi-nage (2)	<A href="http://www.youtube.com/watch?v=vNv0rNot8FQ&t=45m01s#t=45m01s">video 1</A>
3 kyu	suwari-waza shomen-uchi shomen irimi-nage (2)	<A href="http://www.youtube.com/watch?v=vNv0rNot8FQ&t=46m37s#t=46m37s">video 1</A>
3 kyu	yokomen-uchi shomen irimi-nage (1)	<A href="http://www.youtube.com/watch?v=vNv0rNot8FQ&t=48m01s#t=48m01s">video 1</A>
3 kyu	suwari-waza yokomen-uchi shomen irimi-nage (1)	<A href="http://www.youtube.com/watch?v=vNv0rNot8FQ&t=49m10s#t=49m10s">video 1</A>
3 kyu	suwari-waza yokomen-uchi shomen irimi-nage (2)	<A href="http://www.youtube.com/watch?v=vNv0rNot8FQ&t=51m50s#t=51m50s">video 1</A>
3 kyu	shomen-uchi hiji-shime (1)	<A href="http://www.youtube.com/watch?v=vNv0rNot8FQ&t=1h13m26s#t=1h13m26s">video 1</A>
3 kyu	suwari-waza shomen-uchi hiji-shime (1)	<A href="http://www.youtube.com/watch?v=vNv0rNot8FQ&t=1h15m18s#t=1h15m18s">video 1</A>
3 kyu	shomen-uchi hiji-shime (2)	<A href="http://www.youtube.com/watch?v=vNv0rNot8FQ&t=1h16m45s#t=1h16m45s">video 1</A>
3 kyu	suwari-waza shomen-uchi hiji-shime (2)	<A href="http://www.youtube.com/watch?v=vNv0rNot8FQ&t=1h17m46s#t=1h17m46s">video 1</A>
3 kyu	yokomen-uchi hiji-shime (1)	<A href="http://www.youtube.com/watch?v=vNv0rNot8FQ&t=1h18m59s#t=1h18m59s">video 1</A>
3 kyu	suwari-waza yokomen-uchi hiji-shime (1)	<A href="http://www.youtube.com/watch?v=vNv0rNot8FQ&t=1h20m09s#t=1h20m09s">video 1</A>
3 kyu	yokomen-uchi hiji-shime (2)	<A href="http://www.youtube.com/watch?v=vNv0rNot8FQ&t=1h21m29s#t=1h21m29s">video 1</A>
3 kyu	suwari-waza yokomen-uchi hiji-shime (2)	<A href="http://www.youtube.com/watch?v=vNv0rNot8FQ&t=1h22m35s#t=1h22m35s">video 1</A>
3 kyu	kata-mochi hiji-shime (1)	<A href="http://www.youtube.com/watch?v=vNv0rNot8FQ&t=1h29m21s#t=1h29m21s">video 1</A>
3 kyu	suwari-waza kata-mochi hiji-shime (1)	<A href="http://www.youtube.com/watch?v=vNv0rNot8FQ&t=1h30m50s#t=1h30m50s">video 1</A>
3 kyu	kata-mochi hiji-shime (2)	<A href="http://www.youtube.com/watch?v=vNv0rNot8FQ&t=1h32m27s#t=1h32m27s">video 1</A>
3 kyu	suwari-waza kata-mochi hiji-shime (2)	<A href="http://www.youtube.com/watch?v=vNv0rNot8FQ&t=1h33m42s#t=1h33m42s">video 1</A>
3 kyu	mune-mochi hiji-shime (1)	<A href="http://www.youtube.com/watch?v=vNv0rNot8FQ&t=1h35m10s#t=1h35m10s">video 1</A>
3 kyu	suwari-waza mune-mochi hiji-shime (1)	<A href="http://www.youtube.com/watch?v=vNv0rNot8FQ&t=1h37m00s#t=1h37m00s">video 1</A>
3 kyu	suwari-waza mune-mochi hiji-shime (2)	<A href="http://www.youtube.com/watch?v=vNv0rNot8FQ&t=1h40m01s#t=1h40m01s">video 1</A>
3 kyu	shomen-uchi kote-gaeshi (1)	<A href="http://www.youtube.com/watch?v=vNv0rNot8FQ&t=2h16m22s#t=2h16m22s">video 1</A>
3 kyu	suwari-waza shomen-uchi kote-gaeshi (1)	<A href="http://www.youtube.com/watch?v=vNv0rNot8FQ&t=2h19m21s#t=2h19m21s">video 1</A>
3 kyu	suwari-waza shomen-uchi kote-gaeshi (2)	<A href="http://www.youtube.com/watch?v=vNv0rNot8FQ&t=2h23m27s#t=2h23m27s">video 1</A>
3 kyu	yokomen-uchi kote-gaeshi (1)	<A href="http://www.youtube.com/watch?v=vNv0rNot8FQ&t=2h25m04s#t=2h25m04s">video 1</A>
3 kyu	suwari-waza yokomen-uchi kote-gaeshi (1)	<A href="http://www.youtube.com/watch?v=vNv0rNot8FQ&t=2h27m08s#t=2h27m08s">video 1</A>
3 kyu	yokomen-uchi kote-gaeshi (2)	<A href="http://www.youtube.com/watch?v=vNv0rNot8FQ&t=2h29m12s#t=2h29m12s">video 1</A>
3 kyu	suwari-waza yokomen-uchi kote-gaeshi (2)	<A href="http://www.youtube.com/watch?v=vNv0rNot8FQ&t=2h31m00s#t=2h31m00s">video 1</A>
3 kyu	suwari-waza ryote-mochi tenchi-nage (1)	<A href="http://www.youtube.com/watch?v=vNv0rNot8FQ&t=3h03m39s#t=3h03m39s">video 1</A>
3 kyu	suwari-waza ryote-mochi kokyu-ho (2)	<A href="http://www.youtube.com/watch?v=vNv0rNot8FQ&t=3h09m49s#t=3h09m49s">video 1</A>
3 kyu	goshin-jitsu front-grabs	
3 kyu	sanbon-me kumite	<A href="http://www.youtube.com/watch?v=M4p17kOOv0Y&t=0m00s#t=0m00s">video 1</A> <br> <A href="http://www.youtube.com/watch?v=BlH8Qmo79w8&t=22m28s#t=22m28s">video 2</A>
2 kyu	goshin-jitsu rear-grabs	
2 kyu	yokomen-uchi go-waza	
2 kyu	katate-mochi go-waza	<A href="http://www.youtube.com/watch?v=NXFfGi4-f9A&t=6m36s#t=6m36s">video 1</A>
2 kyu	yonhon-me kumite	<A href="http://www.youtube.com/watch?v=Pur4BinI9nU&t=0m08s#t=0m08s">video 1</A> <br> <A href="http://www.youtube.com/watch?v=Pur4BinI9nU&t=0m08s#t=0m08s">video 2</A>
1 kyu	aiki-ken ippon-me	<A href="http://www.youtube.com/watch?v=SefcGIUBr_w&t=0m04s#t=0m04s">video 1</A> <br> <A href="http://www.facebook.com/theshudokan/videos/1047140251967559/">video 2</A>
1 kyu	aiki-ken nihon-me	htts://www.youtube.com/watch?v=SefcGIUBr_w&t=0m12s#t=0m12s <A href="http://www.facebook.com/theshudokan/videos/1047140251967559/">video 1</A>
1 kyu	aiki-ken sanbon-me	htts://www.youtube.com/watch?v=SefcGIUBr_w&t=0m19s#t=0m19s <A href="http://www.facebook.com/theshudokan/videos/1047140251967559/">video 1</A>
1 kyu	aiki-ken yonhon-me	htts://www.youtube.com/watch?v=SefcGIUBr_w&t=0m26s#t=0m26s <A href="http://www.facebook.com/theshudokan/videos/1047140251967559/">video 1</A>
1 kyu	aiki-ken gohon-me	htts://www.youtube.com/watch?v=SefcGIUBr_w&t=0m36s#t=0m36s <A href="http://www.facebook.com/theshudokan/videos/1047140251967559/">video 1</A>
1 kyu	goshin-jitsu front-strikes	
1 kyu	shomen-uchi jiyu-waza	<A href="http://www.youtube.com/watch?v=vNv0rNot8FQ&t=3h18m09s#t=3h18m09s">video 1</A>
1 dan	shomen-uchi shiho-nage	<A href="http://www.youtube.com/watch?v=i4LcdeiNH-k&t=47m10s#t=47m10s">video 1</A>
1 dan	hanmi-handachi katate-mochi shiho-nage (1)	<A href="http://www.youtube.com/watch?v=i4LcdeiNH-k&t=49m26s#t=49m26s">video 1</A>
1 dan	hanmi-handachi katate-mochi shiho-nage (2)	<A href="http://www.youtube.com/watch?v=i4LcdeiNH-k&t=52m00s#t=52m00s">video 1</A>
1 dan	katate-mochi ikkajo-osae (1)	<A href="http://www.youtube.com/watch?v=i4LcdeiNH-k&t=1h13m04s#t=1h13m04s">video 1</A>
1 dan	suwari-waza katate-mochi ikkajo-osae (1)	<A href="http://www.youtube.com/watch?v=i4LcdeiNH-k&t=1h15m00s#t=1h15m00s">video 1</A>
1 dan	katate-mochi ikkajo-osae (2)	<A href="http://www.youtube.com/watch?v=i4LcdeiNH-k&t=1h16m27s#t=1h16m27s">video 1</A>
1 dan	suwari-waza katate-mochi ikkajo-osae (2)	<A href="http://www.youtube.com/watch?v=i4LcdeiNH-k&t=1h17m40s#t=1h17m40s">video 1</A>
1 dan	ushiro-katate-eri-mochi ikkajo-osae (1)	<A href="http://www.youtube.com/watch?v=i4LcdeiNH-k&t=1h42m04s#t=1h42m04s">video 1</A>
1 dan	ushiro-katate-eri-mochi ikkajo-osae (2)	<A href="http://www.youtube.com/watch?v=i4LcdeiNH-k&t=1h43m41s#t=1h43m41s">video 1</A>
1 dan	yokomen-uchi nikajo-osae (1)	<A href="http://www.youtube.com/watch?v=v0tuWpU3tB4&t=48m20s#t=48m20s">video 1</A>
1 dan	suwari-waza yokomen-uchi nikajo-osae (1)	<A href="http://www.youtube.com/watch?v=v0tuWpU3tB4&t=49m53s#t=49m53s">video 1</A>
1 dan	yokomen-uchi nikajo-osae (2)	<A href="http://www.youtube.com/watch?v=v0tuWpU3tB4&t=51m36s#t=51m36s">video 1</A>
1 dan	suwari-waza yokomen-uchi nikajo-osae (2)	<A href="http://www.youtube.com/watch?v=v0tuWpU3tB4&t=52m54s#t=52m54s">video 1</A>
1 dan	kata-mochi sankajo-osae (1)	<A href="http://www.youtube.com/watch?v=v0tuWpU3tB4&t=1h27m40s#t=1h27m40s">video 1</A>
1 dan	suwari-waza kata-mochi sankajo-osae (1)	<A href="http://www.youtube.com/watch?v=v0tuWpU3tB4&t=1h29m00s#t=1h29m00s">video 1</A>
1 dan	kata-mochi sankajo-osae (2)	<A href="http://www.youtube.com/watch?v=v0tuWpU3tB4&t=1h30m37s#t=1h30m37s">video 1</A>
1 dan	suwari-waza kata-mochi sankajo-osae (2)	<A href="http://www.youtube.com/watch?v=v0tuWpU3tB4&t=1h32m04s#t=1h32m04s">video 1</A>
1 dan	ushiro-katate-eri-mochi sankajo-osae (1)	<A href="http://www.youtube.com/watch?v=v0tuWpU3tB4&t=1h37m49s#t=1h37m49s">video 1</A>
1 dan	ushiro-katate-eri-mochi sankajo-osae (2)	<A href="http://www.youtube.com/watch?v=v0tuWpU3tB4&t=1h39m23s#t=1h39m23s">video 1</A>
1 dan	katate-mochi yonkajo-osae (1)	<A href="http://www.youtube.com/watch?v=v0tuWpU3tB4&t=2h05m11s#t=2h05m11s">video 1</A>
1 dan	katate-mochi yonkajo-osae (2)	<A href="http://www.youtube.com/watch?v=v0tuWpU3tB4&t=2h08m47s#t=2h08m47s">video 1</A>
1 dan	suwari-waza katate-mochi yonkajo-osae (1)	<A href="http://www.youtube.com/watch?v=v0tuWpU3tB4&t=2h07m03s#t=2h07m03s">video 1</A>
1 dan	suwari-waza katate-mochi yonkajo-osae (2)	<A href="http://www.youtube.com/watch?v=v0tuWpU3tB4&t=2h10m14s#t=2h10m14s">video 1</A>
1 dan	katate-mochi hiji-ate-kokyu-nage (1)	<A href="http://www.youtube.com/watch?v=vNv0rNot8FQ&t=2h00m50s#t=2h00m50s">video 1</A>
1 dan	suwari-waza katate-mochi hiji-ate-kokyu-nage (1)	<A href="http://www.youtube.com/watch?v=vNv0rNot8FQ&t=2h01m55s#t=2h01m55s">video 1</A>
1 dan	katate-mochi hiji-ate-kokyu-nage (2)	<A href="http://www.youtube.com/watch?v=vNv0rNot8FQ&t=2h03m02s#t=2h03m02s">video 1</A>
1 dan	suwari-waza katate-mochi hiji-ate-kokyu-nage (2)	<A href="http://www.youtube.com/watch?v=vNv0rNot8FQ&t=2h04m09s#t=2h04m09s">video 1</A>
1 dan	shomen-uchi hiji-ate-kokyu-nage (1)	<A href="http://www.youtube.com/watch?v=vNv0rNot8FQ&t=1h46m59s#t=1h46m59s">video 1</A>
1 dan	suwari-waza shomen-uchi hiji-ate-kokyu-nage (1)	<A href="http://www.youtube.com/watch?v=vNv0rNot8FQ&t=1h48m22s#t=1h48m22s">video 1</A>
1 dan	shomen-uchi hiji-ate-kokyu-nage (2)	<A href="http://www.youtube.com/watch?v=vNv0rNot8FQ&t=1h49m27s#t=1h49m27s">video 1</A>
1 dan	suwari-waza shomen-uchi hiji-ate-kokyu-nage (2)	<A href="http://www.youtube.com/watch?v=vNv0rNot8FQ&t=1h50m27s#t=1h50m27s">video 1</A>
1 dan	suwari-waza shomen-tsuki kote-gaeshi (1)	<A href="http://www.youtube.com/watch?v=vNv0rNot8FQ&t=2h34m36s#t=2h34m36s">video 1</A>
1 dan	shomen-tsuki kote-gaeshi (2)	<A href="http://www.youtube.com/watch?v=vNv0rNot8FQ&t=2h36m27s#t=2h36m27s">video 1</A>
1 dan	suwari-waza shomen-tsuki kote-gaeshi (2)	<A href="http://www.youtube.com/watch?v=vNv0rNot8FQ&t=2h38m11s#t=2h38m11s">video 1</A>
1 dan	ryote-mochi tenchi-nage (2)	<A href="http://www.youtube.com/watch?v=vNv0rNot8FQ&t=3h04m47s#t=3h04m47s">video 1</A>
1 dan	suwari-waza ryote-mochi tenchi-nage (2)	<A href="http://www.youtube.com/watch?v=vNv0rNot8FQ&t=3h06m10s#t=3h06m10s">video 1</A>
1 dan	suwari-waza ryote-mochi kokyu-ho (3)	<A href="http://www.youtube.com/watch?v=vNv0rNot8FQ&t=3h11m25s#t=3h11m25s">video 1</A>
1 dan	yokomen-uchi jiyu-waza	<A href="http://www.youtube.com/watch?v=vNv0rNot8FQ&t=3h18m38s#t=3h18m38s">video 1</A>
1 dan	katate-mochi jiyu-waza	<A href="http://www.youtube.com/watch?v=vNv0rNot8FQ&t=3h20m17s#t=3h20m17s">video 1</A>
1 dan	ryote-mochi jiyu-waza	<A href="http://www.youtube.com/watch?v=vNv0rNot8FQ&t=3h20m48s#t=3h20m48s">video 1</A>
1 dan	shomen-tsuki jiyu-waza	<A href="http://www.youtube.com/watch?v=vNv0rNot8FQ&t=3h19m15s#t=3h19m15s">video 1</A>
1 dan	aiki-ken roppon-me	<A href="http://www.youtube.com/watch?v=SefcGIUBr_w&t=0m44s#t=0m44s">video 1</A> <br> <A href="http://www.facebook.com/theshudokan/videos/1047140251967559/">video 2</A>
1 dan	aiki-ken nanahon-me	<A href="http://www.youtube.com/watch?v=SefcGIUBr_w&t=0m51s#t=0m51s">video 1</A> <br> <A href="http://www.facebook.com/theshudokan/videos/1047140251967559/">video 2</A>
1 dan	aiki-ken happon-me	<A href="http://www.youtube.com/watch?v=SefcGIUBr_w&t=1m01s#t=1m01s">video 1</A> <br> <A href="http://www.facebook.com/theshudokan/videos/1047140251967559/">video 2</A>
1 dan	aiki-ken kyuuhon-me	<A href="http://www.youtube.com/watch?v=SefcGIUBr_w&t=1m12s#t=1m12s">video 1</A> <br> <A href="http://www.facebook.com/theshudokan/videos/1047140251967559/">video 2</A>
1 dan	aiki-ken juppon-me	<A href="http://www.youtube.com/watch?v=SefcGIUBr_w&t=1m22s#t=1m22s">video 1</A> <br> <A href="http://www.facebook.com/theshudokan/videos/1047140251967559/">video 2</A>
2 dan	ryote-mochi ikkajo-osae (1)	<A href="http://www.youtube.com/watch?v=i4LcdeiNH-k&t=1h18m59s#t=1h18m59s">video 1</A>
2 dan	suwari-waza ryote-mochi ikkajo-osae (1)	<A href="http://www.youtube.com/watch?v=i4LcdeiNH-k&t=1h20m36s#t=1h20m36s">video 1</A>
2 dan	ryote-mochi ikkajo-osae (2)	<A href="http://www.youtube.com/watch?v=i4LcdeiNH-k&t=1h22m11s#t=1h22m11s">video 1</A>
2 dan	suwari-waza ryote-mochi ikkajo-osae (2)	<A href="http://www.youtube.com/watch?v=i4LcdeiNH-k&t=1h23m19s#t=1h23m19s">video 1</A>
2 dan	hiji-mochi ikkajo-osae (1)	<A href="http://www.youtube.com/watch?v=i4LcdeiNH-k&t=1h24m41s#t=1h24m41s">video 1</A>
2 dan	suwari-waza hiji-mochi ikkajo-osae (1)	<A href="http://www.youtube.com/watch?v=i4LcdeiNH-k&t=1h26m36s#t=1h26m36s">video 1</A>
2 dan	hiji-mochi ikkajo-osae (2)	<A href="http://www.youtube.com/watch?v=i4LcdeiNH-k&t=1h28m18s#t=1h28m18s">video 1</A>
2 dan	suwari-waza hiji-mochi ikkajo-osae (2)	<A href="http://www.youtube.com/watch?v=i4LcdeiNH-k&t=1h29m37s#t=1h29m37s">video 1</A>
2 dan	mune-mochi ikkajo-osae (1)	
2 dan	suwari-waza mune-mochi ikkajo-osae (1)	
2 dan	mune-mochi ikkajo-osae (2)	
2 dan	suwari-waza mune-mochi ikkajo-osae (2)	
2 dan	ushiro-ryohiji-mochi ikkajo-osae (1)	<A href="http://www.youtube.com/watch?v=i4LcdeiNH-k&t=1h48m55s#t=1h48m55s">video 1</A>
2 dan	ushiro-ryohiji-mochi ikkajo-osae (2)	<A href="http://www.youtube.com/watch?v=i4LcdeiNH-k&t=1h50m56s#t=1h50m56s">video 1</A>
2 dan	ushiro-ryokata-mochi ikkajo-osae (1)	<A href="http://www.youtube.com/watch?v=i4LcdeiNH-k&t=1h52m13s#t=1h52m13s">video 1</A>
2 dan	ushiro-ryokata-mochi ikkajo-osae (2)	<A href="http://www.youtube.com/watch?v=i4LcdeiNH-k&t=1h54m33s#t=1h54m33s">video 1</A>
2 dan	ushiro-eri-mochi ikkajo-osae (1)	<A href="http://www.youtube.com/watch?v=i4LcdeiNH-k&t=1h45m10s#t=1h45m10s">video 1</A>
2 dan	ushiro-eri-mochi ikkajo-osae (2)	<A href="http://www.youtube.com/watch?v=i4LcdeiNH-k&t=1h47m16s#t=1h47m16s">video 1</A>
2 dan	ryote-mochi nikajo-osae (1)	<A href="http://www.youtube.com/watch?v=v0tuWpU3tB4&t=9m32s#t=9m32s">video 1</A>
2 dan	suwari-waza ryote-mochi nikajo-osae (1)	<A href="http://www.youtube.com/watch?v=v0tuWpU3tB4&t=11m09s#t=11m09s">video 1</A>
2 dan	ryote-mochi nikajo-osae (2)	<A href="http://www.youtube.com/watch?v=v0tuWpU3tB4&t=12m46s#t=12m46s">video 1</A>
2 dan	suwari-waza ryote-mochi nikajo-osae (2)	<A href="http://www.youtube.com/watch?v=v0tuWpU3tB4&t=14m14s#t=14m14s">video 1</A>
2 dan	katate-aya-mochi nikajo-osae (1)	<A href="http://www.youtube.com/watch?v=v0tuWpU3tB4&t=15m38s#t=15m38s">video 1</A>
2 dan	suwari-waza katate-aya-mochi nikajo-osae (1)	<A href="http://www.youtube.com/watch?v=v0tuWpU3tB4&t=17m31s#t=17m31s">video 1</A>
2 dan	katate-aya-mochi nikajo-osae (2)	<A href="http://www.youtube.com/watch?v=v0tuWpU3tB4&t=19m13s#t=19m13s">video 1</A>
2 dan	suwari-waza katate-aya-mochi nikajo-osae (2)	<A href="http://www.youtube.com/watch?v=v0tuWpU3tB4&t=20m35s#t=20m35s">video 1</A>
2 dan	hiji-mochi nikajo-osae (1)	<A href="http://www.youtube.com/watch?v=v0tuWpU3tB4&t=22m05s#t=22m05s">video 1</A>
2 dan	suwari-waza hiji-mochi nikajo-osae (1)	<A href="http://www.youtube.com/watch?v=v0tuWpU3tB4&t=24m09s#t=24m09s">video 1</A>
2 dan	hiji-mochi nikajo-osae (2)	<A href="http://www.youtube.com/watch?v=v0tuWpU3tB4&t=25m57s#t=25m57s">video 1</A>
2 dan	suwari-waza hiji-mochi nikajo-osae (2)	<A href="http://www.youtube.com/watch?v=v0tuWpU3tB4&t=27m43s#t=27m43s">video 1</A>
2 dan	mune-mochi nikajo-osae (1)	<A href="http://www.youtube.com/watch?v=v0tuWpU3tB4&t=36m20s#t=36m20s">video 1</A>
2 dan	suwari-waza mune-mochi nikajo-osae (1)	<A href="http://www.youtube.com/watch?v=v0tuWpU3tB4&t=38m15s#t=38m15s">video 1</A>
2 dan	mune-mochi nikajo-osae (2)	<A href="http://www.youtube.com/watch?v=v0tuWpU3tB4&t=39m53s#t=39m53s">video 1</A>
2 dan	suwari-waza mune-mochi nikajo-osae (2)	<A href="http://www.youtube.com/watch?v=v0tuWpU3tB4&t=41m16s#t=41m16s">video 1</A>
2 dan	katate-mochi sankajo-osae (1)	<A href="http://www.youtube.com/watch?v=v0tuWpU3tB4&t=1h14m12s#t=1h14m12s">video 1</A>
2 dan	suwari-waza katate-mochi sankajo-osae (1)	<A href="http://www.youtube.com/watch?v=v0tuWpU3tB4&t=1h15m55s#t=1h15m55s">video 1</A>
2 dan	katate-mochi sankajo-osae (2)	<A href="http://www.youtube.com/watch?v=v0tuWpU3tB4&t=1h17m28s#t=1h17m28s">video 1</A>
2 dan	suwari-waza katate-mochi sankajo-osae (2)	<A href="http://www.youtube.com/watch?v=v0tuWpU3tB4&t=1h19m03s#t=1h19m03s">video 1</A>
2 dan	ryote-mochi sankajo-osae (1)	
2 dan	suwari-waza ryote-mochi sankajo-osae (1)	
2 dan	ryote-mochi sankajo-osae (2)	
2 dan	suwari-waza ryote-mochi sankajo-osae (2)	
2 dan	hiji-mochi sankajo-osae (1)	<A href="http://www.youtube.com/watch?v=v0tuWpU3tB4&t=1h20m44s#t=1h20m44s">video 1</A>
2 dan	suwari-waza hiji-mochi sankajo-osae (1)	<A href="http://www.youtube.com/watch?v=v0tuWpU3tB4&t=1h22m22s#t=1h22m22s">video 1</A>
2 dan	hiji-mochi sankajo-osae (2)	<A href="http://www.youtube.com/watch?v=v0tuWpU3tB4&t=1h24m09s#t=1h24m09s">video 1</A>
2 dan	suwari-waza hiji-mochi sankajo-osae (2)	<A href="http://www.youtube.com/watch?v=v0tuWpU3tB4&t=1h25m50s#t=1h25m50s">video 1</A>
2 dan	mune-mochi sankajo-osae (1)	
2 dan	suwari-waza mune-mochi sankajo-osae (1)	
2 dan	mune-mochi sankajo-osae (2)	
2 dan	suwari-waza mune-mochi sankajo-osae (2)	
2 dan	ushiro-ryohiji-mochi sankajo-osae (1)	<A href="http://www.youtube.com/watch?v=v0tuWpU3tB4&t=1h40m57s#t=1h40m57s">video 1</A>
2 dan	ushiro-ryohiji-mochi sankajo-osae (2)	<A href="http://www.youtube.com/watch?v=v0tuWpU3tB4&t=1h42m44s#t=1h42m44s">video 1</A>
2 dan	ushiro-ryokata-mochi sankajo-osae (1)	<A href="http://www.youtube.com/watch?v=v0tuWpU3tB4&t=1h44m34s#t=1h44m34s">video 1</A>
2 dan	ushiro-ryokata-mochi sankajo-osae (2)	<A href="http://www.youtube.com/watch?v=v0tuWpU3tB4&t=1h46m14s#t=1h46m14s">video 1</A>
2 dan	ryote-mochi yonkajo-osae (1)	<A href="http://www.youtube.com/watch?v=v0tuWpU3tB4&t=2h11m51s#t=2h11m51s">video 1</A>
2 dan	suwari-waza ryote-mochi yonkajo-osae (1)	<A href="http://www.youtube.com/watch?v=v0tuWpU3tB4&t=2h13m14s#t=2h13m14s">video 1</A>
2 dan	ryote-mochi yonkajo-osae (2)	<A href="http://www.youtube.com/watch?v=v0tuWpU3tB4&t=2h14m55s#t=2h14m55s">video 1</A>
2 dan	suwari-waza ryote-mochi yonkajo-osae (2)	<A href="http://www.youtube.com/watch?v=v0tuWpU3tB4&t=2h16m14s#t=2h16m14s">video 1</A>
2 dan	hiji-mochi yonkajo-osae (1)	<A href="http://www.youtube.com/watch?v=v0tuWpU3tB4&t=2h17m44s#t=2h17m44s">video 1</A>
2 dan	suwari-waza hiji-mochi yonkajo-osae (1)	<A href="http://www.youtube.com/watch?v=v0tuWpU3tB4&t=2h19m35s#t=2h19m35s">video 1</A>
2 dan	hiji-mochi yonkajo-osae (2)	<A href="http://www.youtube.com/watch?v=v0tuWpU3tB4&t=2h21m14s#t=2h21m14s">video 1</A>
2 dan	suwari-waza hiji-mochi yonkajo-osae (2)	<A href="http://www.youtube.com/watch?v=v0tuWpU3tB4&t=2h23m02s#t=2h23m02s">video 1</A>
2 dan	kata-mochi yonkajo-osae (1)	<A href="http://www.youtube.com/watch?v=v0tuWpU3tB4&t=2h24m49s#t=2h24m49s">video 1</A>
2 dan	suwari-waza kata-mochi yonkajo-osae (1)	<A href="http://www.youtube.com/watch?v=v0tuWpU3tB4&t=2h26m36s#t=2h26m36s">video 1</A>
2 dan	kata-mochi yonkajo-osae (2)	<A href="http://www.youtube.com/watch?v=v0tuWpU3tB4&t=2h28m41s#t=2h28m41s">video 1</A>
2 dan	suwari-waza kata-mochi yonkajo-osae (2)	<A href="http://www.youtube.com/watch?v=v0tuWpU3tB4&t=2h30m38s#t=2h30m38s">video 1</A>
2 dan	hiji-mochi sokumen irimi-nage (1)	<A href="http://www.youtube.com/watch?v=vNv0rNot8FQ&t=7m33s#t=7m33s">video 1</A>
2 dan	suwari-waza hiji-mochi sokumen irimi-nage (1)	<A href="http://www.youtube.com/watch?v=vNv0rNot8FQ&t=9m16s#t=9m16s">video 1</A>
2 dan	hiji-mochi sokumen irimi-nage (2)	<A href="http://www.youtube.com/watch?v=vNv0rNot8FQ&t=10m39s#t=10m39s">video 1</A>
2 dan	suwari-waza hiji-mochi sokumen irimi-nage (2)	<A href="http://www.youtube.com/watch?v=vNv0rNot8FQ&t=11m50s#t=11m50s">video 1</A>
2 dan	mune-mochi sokumen irimi-nage (1)	
2 dan	suwari-waza mune-mochi sokumen irimi-nage (1)	
2 dan	mune-mochi sokumen irimi-nage (2)	
2 dan	suwari-waza mune-mochi sokumen irimi-nage (2)	
2 dan	shomen-uchi sokumen irimi-nage (1)	<A href="http://www.youtube.com/watch?v=vNv0rNot8FQ&t=18m51s#t=18m51s">video 1</A>
2 dan	suwari-waza shomen-uchi sokumen irimi-nage (1)	<A href="http://www.youtube.com/watch?v=vNv0rNot8FQ&t=20m15s#t=20m15s">video 1</A>
2 dan	shomen-uchi sokumen irimi-nage (2)	<A href="http://www.youtube.com/watch?v=vNv0rNot8FQ&t=21m34s#t=21m34s">video 1</A>
2 dan	suwari-waza shomen-uchi sokumen irimi-nage (2)	<A href="http://www.youtube.com/watch?v=vNv0rNot8FQ&t=22m49s#t=22m49s">video 1</A>
2 dan	yokomen-uchi sokumen irimi-nage (1)	<A href="http://www.youtube.com/watch?v=vNv0rNot8FQ&t=24m15s#t=24m15s">video 1</A>
2 dan	suwari-waza yokomen-uchi sokumen irimi-nage (1)	<A href="http://www.youtube.com/watch?v=vNv0rNot8FQ&t=25m35s#t=25m35s">video 1</A>
2 dan	yokomen-uchi sokumen irimi-nage (2)	<A href="http://www.youtube.com/watch?v=vNv0rNot8FQ&t=26m55s#t=26m55s">video 1</A>
2 dan	suwari-waza yokomen-uchi sokumen irimi-nage (2)	<A href="http://www.youtube.com/watch?v=vNv0rNot8FQ&t=28m03s#t=28m03s">video 1</A>
2 dan	ushiro-ryote-mochi sokumen irimi-nage (1)	<A href="http://www.youtube.com/watch?v=vNv0rNot8FQ&t=29m24s#t=29m24s">video 1</A>
2 dan	ushiro-ryote-mochi sokumen irimi-nage (2)	<A href="http://www.youtube.com/watch?v=vNv0rNot8FQ&t=31m39s#t=31m39s">video 1</A>
2 dan	ushiro-ryohiji-mochi sokumen irimi-nage (1)	<A href="http://www.youtube.com/watch?v=vNv0rNot8FQ&t=33m40s#t=33m40s">video 1</A>
2 dan	ushiro-ryohiji-mochi sokumen irimi-nage (2)	<A href="http://www.youtube.com/watch?v=vNv0rNot8FQ&t=35m13s#t=35m13s">video 1</A>
2 dan	ushiro-ryokata-mochi sokumen irimi-nage (1)	<A href="http://www.youtube.com/watch?v=vNv0rNot8FQ&t=36m59s#t=36m59s">video 1</A>
2 dan	ushiro-ryokata-mochi sokumen irimi-nage (2)	<A href="http://www.youtube.com/watch?v=vNv0rNot8FQ&t=38m37s#t=38m37s">video 1</A>
2 dan	suwari-waza katate-mochi shomen irimi-nage (1)	<A href="http://www.youtube.com/watch?v=vNv0rNot8FQ&t=1h01m04s#t=1h01m04s">video 1</A>
2 dan	katate-mochi shomen irimi-nage (1)	<A href="http://www.youtube.com/watch?v=vNv0rNot8FQ&t=59m08s#t=59m08s">video 1</A>
2 dan	katate-mochi shomen irimi-nage (2)	<A href="http://www.youtube.com/watch?v=vNv0rNot8FQ&t=1h02m34s#t=1h02m34s">video 1</A>
2 dan	suwari-waza katate-mochi shomen irimi-nage (2)	<A href="http://www.youtube.com/watch?v=vNv0rNot8FQ&t=1h04m09s#t=1h04m09s">video 1</A>
2 dan	ryote-mochi shomen irimi-nage (1)	<A href="http://www.youtube.com/watch?v=vNv0rNot8FQ&t=1h05m34s#t=1h05m34s">video 1</A>
2 dan	suwari-waza ryote-mochi shomen irimi-nage (1)	<A href="http://www.youtube.com/watch?v=vNv0rNot8FQ&t=1h07m15s#t=1h07m15s">video 1</A>
2 dan	ryote-mochi shomen irimi-nage (2)	<A href="http://www.youtube.com/watch?v=vNv0rNot8FQ&t=1h08m33s#t=1h08m33s">video 1</A>
2 dan	suwari-waza ryote-mochi shomen irimi-nage (2)	<A href="http://www.youtube.com/watch?v=vNv0rNot8FQ&t=1h09m58s#t=1h09m58s">video 1</A>
2 dan	katate-mochi hiji-shime (1)	<A href="http://www.youtube.com/watch?v=vNv0rNot8FQ&t=1h23m52s#t=1h23m52s">video 1</A>
2 dan	suwari-waza katate-mochi hiji-shime (1)	<A href="http://www.youtube.com/watch?v=vNv0rNot8FQ&t=1h25m18s#t=1h25m18s">video 1</A>
2 dan	katate-mochi hiji-shime (2)	<A href="http://www.youtube.com/watch?v=vNv0rNot8FQ&t=1h26m50s#t=1h26m50s">video 1</A>
2 dan	suwari-waza katate-mochi hiji-shime (2)	<A href="http://www.youtube.com/watch?v=vNv0rNot8FQ&t=1h28m01s#t=1h28m01s">video 1</A>
2 dan	ryote-mochi hiji-shime (1)	
2 dan	suwari-waza ryote-mochi hiji-shime (1)	
2 dan	ryote-mochi hiji-shime (2)	
2 dan	suwari-waza ryote-mochi hiji-shime (2)	
2 dan	hiji-mochi hiji-shime (1)	
2 dan	suwari-waza hiji-mochi hiji-shime (1)	
2 dan	hiji-mochi hiji-shime (2)	
2 dan	suwari-waza hiji-mochi hiji-shime (2)	
2 dan	ushiro-ryote-mochi hiji-shime (1)	<A href="http://www.youtube.com/watch?v=vNv0rNot8FQ&t=1h41m21s#t=1h41m21s">video 1</A>
2 dan	ushiro-ryote-mochi hiji-shime (2)	<A href="http://www.youtube.com/watch?v=vNv0rNot8FQ&t=1h43m01s#t=1h43m01s">video 1</A>
2 dan	ushiro-eri-mochi hiji-shime (1)	
2 dan	ushiro-eri-mochi hiji-shime (2)	
2 dan	yokomen-uchi hiji-ate-kokyu-nage (1)	<A href="http://www.youtube.com/watch?v=vNv0rNot8FQ&t=1h51m29s#t=1h51m29s">video 1</A>
2 dan	suwari-waza yokomen-uchi hiji-ate-kokyu-nage (1)	<A href="http://www.youtube.com/watch?v=vNv0rNot8FQ&t=1h52m35s#t=1h52m35s">video 1</A>
2 dan	yokomen-uchi hiji-ate-kokyu-nage (2)	<A href="http://www.youtube.com/watch?v=vNv0rNot8FQ&t=1h53m47s#t=1h53m47s">video 1</A>
2 dan	suwari-waza yokomen-uchi hiji-ate-kokyu-nage (2)	<A href="http://www.youtube.com/watch?v=vNv0rNot8FQ&t=1h54m56s#t=1h54m56s">video 1</A>
2 dan	shomen-tsuki hiji-ate-kokyu-nage (1)	<A href="http://www.youtube.com/watch?v=vNv0rNot8FQ&t=1h56m07s#t=1h56m07s">video 1</A>
2 dan	suwari-waza shomen-tsuki hiji-ate-kokyu-nage (1)	<A href="http://www.youtube.com/watch?v=vNv0rNot8FQ&t=1h57m31s#t=1h57m31s">video 1</A>
2 dan	shomen-tsuki hiji-ate-kokyu-nage (2)	<A href="http://www.youtube.com/watch?v=vNv0rNot8FQ&t=1h58m34s#t=1h58m34s">video 1</A>
2 dan	suwari-waza shomen-tsuki hiji-ate-kokyu-nage (2)	<A href="http://www.youtube.com/watch?v=vNv0rNot8FQ&t=1h59m48s#t=1h59m48s">video 1</A>
2 dan	ryote-mochi hiji-ate-kokyu-nage (1)	<A href="http://www.youtube.com/watch?v=vNv0rNot8FQ&t=2h05m17s#t=2h05m17s">video 1</A>
2 dan	suwari-waza ryote-mochi hiji-ate-kokyu-nage (1)	<A href="http://www.youtube.com/watch?v=vNv0rNot8FQ&t=2h06m27s#t=2h06m27s">video 1</A>
2 dan	ryote-mochi hiji-ate-kokyu-nage (2)	<A href="http://www.youtube.com/watch?v=vNv0rNot8FQ&t=2h07m33s#t=2h07m33s">video 1</A>
2 dan	suwari-waza ryote-mochi hiji-ate-kokyu-nage (2)	<A href="http://www.youtube.com/watch?v=vNv0rNot8FQ&t=2h08m37s#t=2h08m37s">video 1</A>
2 dan	ushiro-ryote-mochi hiji-ate-kokyu-nage (1)	<A href="http://www.youtube.com/watch?v=vNv0rNot8FQ&t=2h09m47s#t=2h09m47s">video 1</A>
2 dan	ushiro-ryote-mochi hiji-ate-kokyu-nage (2)	<A href="http://www.youtube.com/watch?v=vNv0rNot8FQ&t=2h11m30s#t=2h11m30s">video 1</A>
2 dan	katate-mochi kote-gaeshi (1)	<A href="http://www.youtube.com/watch?v=vNv0rNot8FQ&t=2h39m52s#t=2h39m52s">video 1</A>
2 dan	suwari-waza katate-mochi kote-gaeshi (1)	<A href="http://www.youtube.com/watch?v=vNv0rNot8FQ&t=2h41m55s#t=2h41m55s">video 1</A>
2 dan	katate-mochi kote-gaeshi (2)	<A href="http://www.youtube.com/watch?v=vNv0rNot8FQ&t=2h43m39s#t=2h43m39s">video 1</A>
2 dan	suwari-waza katate-mochi kote-gaeshi (2)	<A href="http://www.youtube.com/watch?v=vNv0rNot8FQ&t=2h45m26s#t=2h45m26s">video 1</A>
2 dan	ryote-mochi kote-gaeshi (1)	<A href="http://www.youtube.com/watch?v=vNv0rNot8FQ&t=2h47m10s#t=2h47m10s">video 1</A>
2 dan	suwari-waza ryote-mochi kote-gaeshi (1)	<A href="http://www.youtube.com/watch?v=vNv0rNot8FQ&t=2h49m29s#t=2h49m29s">video 1</A>
2 dan	ryote-mochi kote-gaeshi (2)	<A href="http://www.youtube.com/watch?v=vNv0rNot8FQ&t=2h51m07s#t=2h51m07s">video 1</A>
2 dan	suwari-waza ryote-mochi kote-gaeshi (2)	<A href="http://www.youtube.com/watch?v=vNv0rNot8FQ&t=2h52m38s#t=2h52m38s">video 1</A>
2 dan	ushiro-ryote-mochi kote-gaeshi (1)	<A href="http://www.youtube.com/watch?v=vNv0rNot8FQ&t=2h54m16s#t=2h54m16s">video 1</A>
2 dan	ushiro-ryote-mochi kote-gaeshi (2)	<A href="http://www.youtube.com/watch?v=vNv0rNot8FQ&t=2h56m39s#t=2h56m39s">video 1</A>
2 dan	shomen-uchi kokyu-nage	<A href="http://eng.dojo.in.ua/kokyu_shomen">video 1</A>
2 dan	yokomen-uchi kokyu-nage	<A href="http://eng.dojo.in.ua/kokyu_yokomen">video 1</A>
2 dan	katate-mochi kokyu-nage	<A href="http://eng.dojo.in.ua/kokyu_katate">video 1</A>
2 dan	ryote-mochi kokyu-nage	<A href="http://eng.dojo.in.ua/kokyu_ryote">video 1</A>
2 dan	shomen-tsuki kokyu-nage	<A href="http://eng.dojo.in.ua/kokyu_shomentsuki">video 1</A>
2 dan	suwari-waza ryote-mochi kokyu-ho (4)	<A href="http://www.youtube.com/watch?v=vNv0rNot8FQ&t=3h13m13s#t=3h13m13s">video 1</A>
2 dan	suwari-waza ryote-mochi kokyu-ho (5)	<A href="http://www.youtube.com/watch?v=vNv0rNot8FQ&t=3h14m37s#t=3h14m37s">video 1</A>
2 dan	aiki-ken ju-ippon-me	<A href="http://www.youtube.com/watch?v=SefcGIUBr_w&t=1m36s#t=1m36s">video 1</A> <br> <A href="http://www.facebook.com/theshudokan/videos/1047140251967559/">video 2</A>
2 dan	aiki-ken ju-nihon-me	<A href="http://www.youtube.com/watch?v=SefcGIUBr_w&t=1m45s#t=1m45s">video 1</A> <br> <A href="http://www.facebook.com/theshudokan/videos/1047140251967559/">video 2</A>
2 dan	aiki-ken ju-sanbon-me	<A href="http://www.youtube.com/watch?v=SefcGIUBr_w&t=1m57s#t=1m57s">video 1</A> <br> <A href="http://www.facebook.com/theshudokan/videos/1047140251967559/">video 2</A>
2 dan	aiki-ken ju-yonhon-me	<A href="http://www.youtube.com/watch?v=SefcGIUBr_w&t=2m07s#t=2m07s">video 1</A> <br> <A href="http://www.facebook.com/theshudokan/videos/1047140251967559/">video 2</A>
2 dan	aiki-ken ju-gohon-me	<A href="http://www.youtube.com/watch?v=SefcGIUBr_w&t=2m16s#t=2m16s">video 1</A> <br> <A href="http://www.facebook.com/theshudokan/videos/1047140251967559/">video 2</A>
2 dan	goshin-jitsu combination attacks: front grabs, rear grabs, front strikes 	
2 dan	kata-mochi jiyu-waza	<A href="http://www.youtube.com/watch?v=vNv0rNot8FQ&t=3h21m18s#t=3h21m18s">video 1</A>
2 dan	shomen-yokomen-uchi jiyu-waza	<A href="http://www.youtube.com/watch?v=vNv0rNot8FQ&t=3h19m49s#t=3h19m49s">video 1</A>
2 dan	ushiro-ryote-mochi jiyu-waza	<A href="http://www.youtube.com/watch?v=vNv0rNot8FQ&t=3h21m53s#t=3h21m53s">video 1</A>
2 dan	ushiro-ryohiji-mochi jiyu-waza	<A href="http://www.youtube.com/watch?v=vNv0rNot8FQ&t=3h22m28s#t=3h22m28s">video 1</A>
2 dan	ushiro-ryokata-mochi jiyu-waza	<A href="http://www.youtube.com/watch?v=vNv0rNot8FQ&t=3h23m08s#t=3h23m08s">video 1</A>
2 dan	tanto-dori jiyu-waza	<A href="http://www.youtube.com/watch?v=vNv0rNot8FQ&t=3h23m48s#t=3h23m48s">video 1</A>
2 dan	ken-tori jiyu-waza	<A href="http://www.youtube.com/watch?v=vNv0rNot8FQ&t=3h24m41s#t=3h24m41s">video 1</A>
2 dan	jiyu-waza with 2 attackers (tanto, bare-hand shomen-uchi)	
3 dan	jiyu-waza with 3 attackers (bokken, tanto, bare-hand)	
oyo-waza	katate-mochi shiho-nage kuzushi	<A href="http://www.youtube.com/watch?v=i4LcdeiNH-k&t=56m33s#t=56m33s">video 1</A>
oyo-waza	yokomen-uchi shiho-nage kuzushi	<A href="http://www.youtube.com/watch?v=i4LcdeiNH-k&t=57m19s#t=57m19s">video 1</A>
oyo-waza	shomen-tsuki shiho-nage kuzushi	<A href="http://www.youtube.com/watch?v=i4LcdeiNH-k&t=58m04s#t=58m04s">video 1</A>
oyo-waza	kata-mochi shomen-uchi shiho-nage kuzushi	<A href="http://www.youtube.com/watch?v=i4LcdeiNH-k&t=58m49s#t=58m49s">video 1</A>
oyo-waza	shomen-uchi ikkajo-nage	<A href="http://www.youtube.com/watch?v=i4LcdeiNH-k&t=1h56m29s#t=1h56m29s">video 1</A>
oyo-waza	katate-mochi ikkajo-nage	<A href="http://www.youtube.com/watch?v=i4LcdeiNH-k&t=1h57m04s#t=1h57m04s">video 1</A>
oyo-waza	katate-aya-mochi nikajo-nage	<A href="http://www.youtube.com/watch?v=v0tuWpU3tB4&t=54m33s#t=54m33s">video 1</A>
oyo-waza	katate-aya-mochi nikajo-ude-garami-nage	<A href="http://www.youtube.com/watch?v=v0tuWpU3tB4&t=54m58s#t=54m58s">video 1</A>
oyo-waza	ushiro-ryote-mochi nikajo-osae	<A href="http://www.youtube.com/watch?v=v0tuWpU3tB4&t=55m21s#t=55m21s">video 1</A>
oyo-waza	shomen-uchi sankajo-nage	<A href="http://www.youtube.com/watch?v=v0tuWpU3tB4&t=1h48m04s#t=1h48m04s">video 1</A>
oyo-waza	yokomen-uchi sankajo-renko	<A href="http://www.youtube.com/watch?v=v0tuWpU3tB4&t=1h48m38s#t=1h48m38s">video 1</A>
oyo-waza	ushiro-ryote-mochi sankajo-nage	<A href="http://www.youtube.com/watch?v=v0tuWpU3tB4&t=1h49m32s#t=1h49m32s">video 1</A>
oyo-waza	kata-mochi sankajo-osae renko	<A href="http://www.youtube.com/watch?v=v0tuWpU3tB4&t=1h50m09s#t=1h50m09s">video 1</A>
oyo-waza	shomen-uchi yonkajo-nage	<A href="http://www.youtube.com/watch?v=v0tuWpU3tB4&t=2h32m53s#t=2h32m53s">video 1</A>
oyo-waza	katate-mochi yonkajo-nage	<A href="http://www.youtube.com/watch?v=v0tuWpU3tB4&t=2h33m37s#t=2h33m37s">video 1</A>
oyo-waza	ryote-mochi yonkajo-nage	<A href="http://www.youtube.com/watch?v=v0tuWpU3tB4&t=2h34m13s#t=2h34m13s">video 1</A>
oyo-waza	suwari-waza yonkajo-shime	<A href="http://www.youtube.com/watch?v=v0tuWpU3tB4&t=2h34m51s#t=2h34m51s">video 1</A>
oyo-waza	yokomen-uchi sokumen irimi-nage (uchi-sabaki)	<A href="http://www.youtube.com/watch?v=vNv0rNot8FQ&t=40m24s#t=40m24s">video 1</A>
oyo-waza	kata-mochi sokumen irimi-nage (uchi-sabaki)	<A href="http://www.youtube.com/watch?v=vNv0rNot8FQ&t=40m50s#t=40m50s">video 1</A>
oyo-waza	ushiro-ryote-mochi sokumen irimi-nage	<A href="http://www.youtube.com/watch?v=vNv0rNot8FQ&t=41m12s#t=41m12s">video 1</A>
oyo-waza	shomen-tsuki shomen irimi-nage (1)	<A href="http://www.youtube.com/watch?v=vNv0rNot8FQ&t=53m30s#t=53m30s">video 1</A>
oyo-waza	suwari-waza shomen-tsuki shomen irimi-nage (1)	<A href="http://www.youtube.com/watch?v=vNv0rNot8FQ&t=54m34s#t=54m34s">video 1</A>
oyo-waza	shomen-tsuki shomen irimi-nage (2)	<A href="http://www.youtube.com/watch?v=vNv0rNot8FQ&t=56m06s#t=56m06s">video 1</A>
oyo-waza	suwari-waza shomen-tsuki shomen irimi-nage (2)	<A href="http://www.youtube.com/watch?v=vNv0rNot8FQ&t=57m37s#t=57m37s">video 1</A>
oyo-waza	yokomen-uchi shomen irimi-nage (henka-waza)	<A href="http://www.youtube.com/watch?v=vNv0rNot8FQ&t=1h11m15s#t=1h11m15s">video 1</A>
oyo-waza	shomen-tsuki shomen irimi-nage	<A href="http://www.youtube.com/watch?v=vNv0rNot8FQ&t=1h11m38s#t=1h11m38s">video 1</A>
oyo-waza	katate-aya-mochi shomen irimi-nage	<A href="http://www.youtube.com/watch?v=vNv0rNot8FQ&t=1h12m03s#t=1h12m03s">video 1</A>
oyo-waza	shomen-uchi hiji-shime (uchi-sabaki)	<A href="http://www.youtube.com/watch?v=vNv0rNot8FQ&t=1h44m48s#t=1h44m48s">video 1</A>
oyo-waza	kata-mochi hiji-shime ~ kote-gaeshi	<A href="http://www.youtube.com/watch?v=vNv0rNot8FQ&t=1h45m32s#t=1h45m32s">video 1</A>
oyo-waza	yokomen-uchi hiji-ate-kokyu-nage (uchi-sabaki)	<A href="http://www.youtube.com/watch?v=vNv0rNot8FQ&t=2h13m27s#t=2h13m27s">video 1</A>
oyo-waza	kata-mochi hiji-ate-kokyu-nage	<A href="http://www.youtube.com/watch?v=vNv0rNot8FQ&t=2h14m04s#t=2h14m04s">video 1</A>
oyo-waza	ushiro-ryote-mochi hiji-ate-kokyu-nage	<A href="http://www.youtube.com/watch?v=vNv0rNot8FQ&t=2h14m42s#t=2h14m42s">video 1</A>
oyo-waza	shomen-tsuki kote-gaeshi	<A href="http://www.youtube.com/watch?v=vNv0rNot8FQ&t=2h59m29s#t=2h59m29s">video 1</A>
oyo-waza	katate-mochi kote-gaeshi	<A href="http://www.youtube.com/watch?v=vNv0rNot8FQ&t=2h59m55s#t=2h59m55s">video 1</A>
oyo-waza	shomen-uchi kote-gaeshi	<A href="http://www.youtube.com/watch?v=vNv0rNot8FQ&t=3h00m19s#t=3h00m19s">video 1</A>
oyo-waza	yokomen-uchi kote-gaeshi (uchi-sabaki)	<A href="http://www.youtube.com/watch?v=vNv0rNot8FQ&t=3h00m43s#t=3h00m43s">video 1</A>
oyo-waza	ushiro-ryote-mochi kote-gaeshi	<A href="http://www.youtube.com/watch?v=vNv0rNot8FQ&t=3h01m09s#t=3h01m09s">video 1</A>
oyo-waza	mune-mochi kokyu-nage	<A href="http://eng.dojo.in.ua/kokyu_mune">video 1</A>
